{"cameraMode":{"drawMode":0,"name":"Shaded","section":"Shading Mode"},"sceneLighting":true,"audioPlay":false,"sceneViewState":{"showFog":true,"showMaterialUpdate":false,"showSkybox":true,"showFlares":true,"showImageEffects":true,"showParticleSystems":true},"in2DMode":false,"pivot":{"x":430.81341552734377,"y":266.7474670410156,"z":35.119327545166019},"rotation":{"x":0.10211995244026184,"y":-0.014926614239811898,"z":0.0015290312003344298,"w":0.9946677684783936},"size":1942.482666015625,"orthographic":false}