{"cameraMode":{"drawMode":0,"name":"Shaded","section":"Shading Mode"},"sceneLighting":false,"audioPlay":false,"sceneViewState":{"showFog":false,"showMaterialUpdate":false,"showSkybox":false,"showFlares":false,"showImageEffects":false,"showParticleSystems":false},"in2DMode":false,"pivot":{"x":23.170000076293947,"y":5.529999732971191,"z":0.0},"rotation":{"x":0.055642660707235339,"y":-0.07033606618642807,"z":0.003930157516151667,"w":0.9959660172462463},"size":20.409374237060548,"orthographic":false}