{"cameraMode":{"drawMode":0,"name":"Shaded","section":"Shading Mode"},"sceneLighting":true,"audioPlay":false,"sceneViewState":{"showFog":false,"showMaterialUpdate":false,"showSkybox":false,"showFlares":false,"showImageEffects":false,"showParticleSystems":false},"in2DMode":false,"pivot":{"x":0.8601956963539124,"y":1.4677139520645142,"z":-26.60271644592285},"rotation":{"x":0.03192973881959915,"y":0.2856198847293854,"z":-0.009472045116126538,"w":0.9577882289886475},"size":12.124983787536621,"orthographic":false}