{"cameraMode":{"drawMode":0,"name":"Shaded","section":"Shading Mode"},"sceneLighting":true,"audioPlay":false,"sceneViewState":{"showFog":false,"showMaterialUpdate":false,"showSkybox":false,"showFlares":false,"showImageEffects":false,"showParticleSystems":false},"in2DMode":false,"pivot":{"x":48.215335845947269,"y":-3.1652450561523439,"z":40.88254165649414},"rotation":{"x":0.7155376672744751,"y":-0.002095709554851055,"z":0.00214659352786839,"w":0.6985675096511841},"size":140.47740173339845,"orthographic":false}