{"cameraMode":{"drawMode":0,"name":"Shaded","section":"Shading Mode"},"sceneLighting":false,"audioPlay":false,"sceneViewState":{"showFog":false,"showMaterialUpdate":false,"showSkybox":false,"showFlares":false,"showImageEffects":false,"showParticleSystems":false},"in2DMode":false,"pivot":{"x":3.971686601638794,"y":-3.5308327674865724,"z":-1.9214496612548829},"rotation":{"x":0.03989183157682419,"y":0.9523686170578003,"z":-0.2666541635990143,"w":0.14247551560401917},"size":14.724230766296387,"orthographic":false}