{"cameraMode":{"drawMode":0,"name":"Shaded","section":"Shading Mode"},"sceneLighting":true,"audioPlay":false,"sceneViewState":{"showFog":true,"showMaterialUpdate":true,"showSkybox":true,"showFlares":true,"showImageEffects":true,"showParticleSystems":true},"in2DMode":false,"pivot":{"x":-11.871963500976563,"y":-5.954277992248535,"z":3.5177183151245119},"rotation":{"x":-0.17674915492534638,"y":0.6254174709320068,"z":-0.14829866588115693,"w":-0.7453993558883667},"size":24.59915542602539,"orthographic":false}