{"cameraMode":{"drawMode":0,"name":"Shaded","section":"Shading Mode"},"sceneLighting":false,"audioPlay":false,"sceneViewState":{"showFog":false,"showMaterialUpdate":false,"showSkybox":false,"showFlares":false,"showImageEffects":false,"showParticleSystems":false},"in2DMode":false,"pivot":{"x":-1.5754743814468384,"y":1.3623783588409424,"z":-5.99975061416626},"rotation":{"x":-0.2607497572898865,"y":0.1831153929233551,"z":-0.05044412612915039,"w":-0.9465394020080566},"size":11.411661148071289,"orthographic":false}