{"cameraMode":{"drawMode":0,"name":"Shaded","section":"Shading Mode"},"sceneLighting":false,"audioPlay":false,"sceneViewState":{"showFog":false,"showMaterialUpdate":false,"showSkybox":false,"showFlares":false,"showImageEffects":false,"showParticleSystems":false},"in2DMode":false,"pivot":{"x":394.4216003417969,"y":175.2183074951172,"z":70.59979248046875},"rotation":{"x":-0.09571265429258347,"y":0.063591368496418,"z":-0.00607496639713645,"w":-0.9937828183174133},"size":681.408935546875,"orthographic":false}