{"cameraMode":{"drawMode":0,"name":"Shaded","section":"Shading Mode"},"sceneLighting":true,"audioPlay":false,"sceneViewState":{"showFog":false,"showMaterialUpdate":false,"showSkybox":false,"showFlares":false,"showImageEffects":false,"showParticleSystems":false},"in2DMode":false,"pivot":{"x":-69.40432739257813,"y":13.982706069946289,"z":-42.28519821166992},"rotation":{"x":0.17201106250286103,"y":-0.16330350935459138,"z":0.03072238527238369,"w":0.9716428518295288},"size":5.553685665130615,"orthographic":false}