{"cameraMode":{"drawMode":0,"name":"Shaded","section":"Shading Mode"},"sceneLighting":false,"audioPlay":false,"sceneViewState":{"showFog":false,"showMaterialUpdate":false,"showSkybox":false,"showFlares":false,"showImageEffects":false,"showParticleSystems":false},"in2DMode":false,"pivot":{"x":-0.6277074813842773,"y":11.69471263885498,"z":-2.287158966064453},"rotation":{"x":-0.17336447536945344,"y":-0.559108316898346,"z":0.12101226300001145,"w":-0.8017765879631043},"size":20.962038040161134,"orthographic":false}