{"cameraMode":{"drawMode":0,"name":"Shaded","section":"Shading Mode"},"sceneLighting":false,"audioPlay":false,"sceneViewState":{"showFog":false,"showMaterialUpdate":false,"showSkybox":false,"showFlares":false,"showImageEffects":false,"showParticleSystems":false},"in2DMode":false,"pivot":{"x":18.983293533325197,"y":10.874120712280274,"z":20.395090103149415},"rotation":{"x":-0.17170684039592744,"y":0.013843093998730183,"z":-0.0016291323117911816,"w":-0.9853641390800476},"size":20.812631607055665,"orthographic":false}