{"cameraMode":{"drawMode":0,"name":"Shaded","section":"Shading Mode"},"sceneLighting":false,"audioPlay":false,"sceneViewState":{"showFog":false,"showMaterialUpdate":false,"showSkybox":false,"showFlares":false,"showImageEffects":false,"showParticleSystems":false},"in2DMode":false,"pivot":{"x":-0.007332205772399902,"y":-6.539111614227295,"z":-51.587303161621097},"rotation":{"x":-0.18388590216636659,"y":0.4823133647441864,"z":-0.10432832688093186,"w":-0.8501803874969482},"size":7.456116676330566,"orthographic":false}