{"cameraMode":{"drawMode":0,"name":"Shaded","section":"Shading Mode"},"sceneLighting":true,"audioPlay":false,"sceneViewState":{"showFog":true,"showMaterialUpdate":true,"showSkybox":true,"showFlares":true,"showImageEffects":true,"showParticleSystems":true},"in2DMode":false,"pivot":{"x":24.444469451904298,"y":6.749246597290039,"z":-5.206560134887695},"rotation":{"x":-0.08712904155254364,"y":0.8415006399154663,"z":-0.14272144436836244,"w":-0.5137274265289307},"size":5.833631992340088,"orthographic":false}